{
  "ssantamaria94": 93.54094534461106,
  "github-classroom[bot]": 37.124201957530715
}
