{
  "ssantamaria94": 37.124201957530715,
  "github-classroom[bot]": 37.124201957530715,
  "Zenai15": 91.00199733821947,
  "Josue07-maker": 37.124201957530715,
  "Trollnimous": 97.51498289589878
}
