{
  "ssantamaria94": 37.124201957530715,
  "github-classroom[bot]": 37.124201957530715
}
